statement ok
SET RW_IMPLICIT_FLUSH TO true;

statement ok
create table t2 (v1 int, v2 int, v3 int);

statement ok
insert into t2 (v1, v3, v2) values (1, 2, 3);

query I rowsort
select * from t2;
----
1 3 2

statement ok
insert into t2 (v1, v2, v3) values (1, 2, 3);

query I rowsort
select * from t2;
----
1 3 2
1 2 3

statement ok
insert into t2 (v2, v1, v3) values (1, 2, 3);

query I rowsort
select * from t2;
----
1 3 2
1 2 3
2 1 3

statement ok
insert into t2 (v2, v3, v1) values (1, 2, 3);

query I rowsort
select * from t2;
----
1 3 2
1 2 3
2 1 3
2 3 1

statement ok
insert into t2 (v3, v1, v2) values (1, 2, 3);

query I rowsort
select * from t2;
----
1 3 2
1 2 3
2 1 3
2 3 1
3 1 2

statement ok
insert into t2 (v3, v2, v1) values (1, 2, 3);

query I rowsort
select * from t2;
----
1 3 2
1 2 3
2 1 3
2 3 1
3 1 2
3 2 1

statement ok
drop table t2;
